Date,Adress,Number,District,Weather,Lesividad
2021-01-01T11:38:00Z,CALL. JOSE BERGAMIN / CALL. FLORENCIO CANO CRISTOBAL,-,MORATALAZ,Despejado,2
2021-04-01T11:30:00Z,WANDA METROPOLITANO PARQUE FAROLA 20,-,SAN BLAS-CANILLEJAS,Despejado,14
2021-04-01T11:30:00Z,WANDA METROPOLITANO PARQUE FAROLA 20,-,SAN BLAS-CANILLEJAS,Despejado,14
2021-04-01T11:30:00Z,WANDA METROPOLITANO PARQUE FAROLA 20,-,SAN BLAS-CANILLEJAS,Despejado,14
2021-04-01T11:30:00Z,WANDA METROPOLITANO PARQUE FAROLA 20,-,SAN BLAS-CANILLEJAS,Despejado,6
2021-04-01T10:40:00Z,PASEO. PRADO / PLAZA. MURILLO,-,RETIRO,Despejado,7
2021-05-01T16:35:00Z,PLAZA EMPERADOR V,11,CENTRO,Despejado,
2021-11-01T22:45:00Z,CALL. MIGUEL SERVET,13,CENTRO,Despejado,1
2021-11-01T14:15:00Z,CALL. SAN DALMACIO,39,VILLAVERDE,Despejado,1
2021-01-16T18:50:00Z,AVDA. CIUDAD DE BARCELONA,144,RETIRO,Despejado,3
2021-01-17T20:45:00Z,PASEO. SANTA MARIA DE LA CABEZA / PASEO. ESPERANZA,-,ARGANZUELA,Despejado,1
2021-01-18T22:42:00Z,RONDA. VALENCIA,5,ARGANZUELA,Despejado,1
2021-01-22T23:25:00Z,CALL. BRAVO MURILLO,97,CHAMBERÍ,,
2021-01-23T22:00:00Z,CALL. SANTA ENGRACIA,33,CHAMBERÍ,Nublado,7
2021-01-23T11:40:00Z,PASEO. YESERIAS / CALL. MELILLA,-,ARGANZUELA,Despejado,7
2021-01-24T15:35:00Z,CALL. ALMIRANTE / PASEO. RECOLETOS,-,CENTRO,,
2021-01-24T01:30:00Z,PLAZA. CANOVAS DEL CASTILLO,5,CENTRO,Despejado,14
2021-01-24T01:30:00Z,PLAZA. CANOVAS DEL CASTILLO,5,CENTRO,Despejado,7
2021-01-25T19:20:00Z,CALL. JORGE JUAN / CALL. CASTELLO,-,SALAMANCA,Nublado,6
2021-01-26T23:10:00Z,CALL. GRAN VIA,66,CENTRO,Despejado,
2021-01-26T22:30:00Z,CALL. ARENAL / CALL. DONADOS,-,CENTRO,Despejado,1
2021-01-26T20:25:00Z,CALL. PRINCIPE DE VERGARA,113,CHAMARTÍN,Despejado,7
2021-01-26T07:25:00Z,GTA. SANTA MARIA DE LA CABEZA / GTA. EMBAJADORES,-,ARGANZUELA,Lluvia débil,6
2021-01-27T22:10:00Z,CALL. ORENSE / CALL. SOR ANGELA DE LA CRUZ,-,TETUÁN,Despejado,2
2021-01-28T17:40:00Z,CALL. JUAN DE URBIETA,3,RETIRO,Despejado,1
2021-01-29T23:45:00Z,CALL. VILLANUEVA / CALL. VELAZQUEZ,-,SALAMANCA,Despejado,2
2021-01-29T18:30:00Z,CALL. PRINCIPE DE VERGARA,24,SALAMANCA,Despejado,
2021-01-29T16:27:00Z,AVDA. COMPLUTENSE,14,MONCLOA-ARAVACA,Despejado,6
2021-01-29T16:27:00Z,AVDA. COMPLUTENSE,14,MONCLOA-ARAVACA,Despejado,14
2021-01-29T16:00:00Z,PLAZA. LAVAPIES,1,CENTRO,Nublado,1
2021-01-29T14:55:00Z,CALL. BRAVO MURILLO / CALL. SANTA JULIANA,-,TETUÁN,,
2021-01-30T20:00:00Z,CALL. DOCTOR ESQUERDO / CALL. PEZ VOLADOR,-,RETIRO,Nublado,14
2021-01-30T19:30:00Z,CALL. CONCEJAL FRANCISCO JOSE JIMENEZ MARTIN,16,LATINA,Despejado,2
2021-01-30T15:00:00Z,CALL. ALMAGRO,7,CHAMBERÍ,Despejado,
2021-01-31T20:25:00Z,CALL. SERRANO,102,SALAMANCA,Despejado,6
2021-01-31T15:55:00Z,AVDA. MONFORTE DE LEMOS,32,FUENCARRAL-EL PARDO,Despejado,7
2021-01-31T15:40:00Z,CALL. ARROYO FONTARRON / CALL. ENCOMIENDA DE PALACIOS,-,MORATALAZ,Lluvia débil,7
2021-01-31T13:50:00Z,PLAZA. CIBELES,1,RETIRO,Despejado,
2021-01-31T12:55:00Z,CALL. HERMOSILLA,59,SALAMANCA,Despejado,2
2021-01-31T09:00:00Z,CALL. VILLAMANIN,35,LATINA,,
2021-01-02T13:05:00Z,CALL. ANDALUCES DEL POZO / CALL. ANDALUCES DEL POZO,-,PUENTE DE VALLECAS,Despejado,7
2021-01-02T09:40:00Z,"PQUE. MADRID RIO, +00650I",-,ARGANZUELA,Despejado,1
2021-02-02T09:05:00Z,PASEO. ERMITA DEL SANTO / PASEO. ERMITA DEL SANTO,-,CARABANCHEL,Nublado,2
2021-03-02T18:43:00Z,CALL. PLANETA TIERRA,6,ARGANZUELA,Lluvia débil,7
2021-04-02T08:10:00Z,PLAZA. MARQUES DE SALAMANCA / CALL. JOSE ORTEGA Y GASSET,-,SALAMANCA,Lluvia débil,2
2021-06-02T14:45:00Z,CALL. SERRANO,45,SALAMANCA,Despejado,5
2021-06-02T14:00:00Z,PLAZA. CORREGIDOR SANCHO DE CORDOBA / CALL. ARROYO DE LAS PILILLAS,-,MORATALAZ,,
2021-06-02T12:42:00Z,GTA. ANTONIO BONET / AVDA. FRANCISCO JAVIER SAENZ DE OIZA,-,HORTALEZA,Despejado,1
2021-07-02T15:00:00Z,AVDA. LUIS ARAGONES / PLAZA. GRECIA,-,SAN BLAS-CANILLEJAS,Despejado,7
2021-07-02T12:10:00Z,GTA. CARLOS LLAMAS,0,SAN BLAS-CANILLEJAS,Despejado,2
2021-07-02T12:10:00Z,GTA. CARLOS LLAMAS,0,SAN BLAS-CANILLEJAS,Despejado,14
2021-07-02T11:05:00Z,CALL. DIAMANTE / CTRA. VILLAVERDE A VALLECAS,-,VILLAVERDE,Despejado,1
2021-07-02T10:51:00Z,AVDA. FRANCISCO JAVIER SAENZ DE OIZA / CALL. ALBERTO DE PALACIO,-,HORTALEZA,Despejado,7
2021-08-02T10:50:00Z,AVDA. MEMORIA / PLAZA. CARDENAL CISNEROS,-,MONCLOA-ARAVACA,Lluvia débil,2
2021-10-02T15:45:00Z,AVDA. LOS ROSALES,131,VILLAVERDE,Despejado,
2021-10-02T09:50:00Z,CALL. ALCALA,48,CENTRO,Nublado,7
2021-11-02T20:30:00Z,CALL. GENERAL RICARDOS,95,CARABANCHEL,Lluvia débil,7
2021-11-02T17:50:00Z,CALL. VALCARLOS / CALL. QUINTANAVIDES,-,FUENCARRAL-EL PARDO,Despejado,7
2021-12-02T20:30:00Z,PASEO. CASTELLANA,67,CHAMBERÍ,Despejado,6
2021-02-13T17:15:00Z,AVDA. MIGUEL HERNANDEZ,116,PUENTE DE VALLECAS,Despejado,1
2021-02-13T17:15:00Z,AVDA. MIGUEL HERNANDEZ,116,PUENTE DE VALLECAS,Despejado,14
2021-02-13T16:20:00Z,CALL. ANICETO MARINAS,74,MONCLOA-ARAVACA,Despejado,7
2021-02-13T16:20:00Z,CALL. ANICETO MARINAS,74,MONCLOA-ARAVACA,Despejado,14
2021-02-13T15:00:00Z,PASEO. CASTELLANA,243,TETUÁN,Despejado,7
2021-02-15T18:30:00Z,CALL. ALFONSO XII,18,RETIRO,Despejado,1
2021-02-15T11:40:00Z,GTA. MARQUES DE VADILLO / CALL. ANTONIO DE LEYVA,-,CARABANCHEL,Despejado,
2021-02-15T08:30:00Z,PASEO. CASTELLANA / CALL. PADRE FRANCISCO PALAU Y QUER,-,CHAMARTÍN,Despejado,14
2021-02-16T21:00:00Z,CALL. BEJAR / CALL. AGUSTIN DURAN,-,SALAMANCA,Despejado,2
2021-02-16T18:00:00Z,CALL. VALLE DE PINARES LLANOS / CALL. RISCOS DE POLANCO,-,FUENCARRAL-EL PARDO,Despejado,7
2021-02-16T14:20:00Z,PASEO DE LA CASTELLANA,2,SALAMANCA,Despejado,
2021-02-17T19:15:00Z,AVDA. PLANETARIO,12,ARGANZUELA,Despejado,7
2021-02-18T20:25:00Z,AVDA. INSTITUCION LIBRE DE ENSEÑANZA,41,SAN BLAS-CANILLEJAS,Despejado,
2021-02-18T19:40:00Z,GTA. ANTONIO PERPIÑA / AVDA. JUAN ANTONIO SAMARANCH,-,HORTALEZA,Despejado,7
2021-02-18T18:30:00Z,CALL. SEDANO / CALL. PRADO ALEGRE,-,LATINA,Despejado,7
2021-02-18T15:25:00Z,CALL. GUTIERREZ SOLANA / CALL. MARCELIANO SANTA MARIA,-,CHAMARTÍN,Despejado,3
2021-02-19T21:15:00Z,CALL. ALHAMBRA,30,LATINA,Despejado,3
2021-02-19T20:20:00Z,CALL. NUESTRA SEÑORA DE VALVERDE,138,FUENCARRAL-EL PARDO,Despejado,14
2021-02-19T18:28:00Z,CALL. CAPITAN BLANCO ARGIBAY,210,TETUÁN,Despejado,7
2021-02-19T18:10:00Z,CALL. SANDALIA NAVAS,17,FUENCARRAL-EL PARDO,Despejado,2
2021-02-19T14:30:00Z,"CALL. MORALZARZAL, 61, PISTAS DEPORTIVAS",-,FUENCARRAL-EL PARDO,Despejado,2
2021-02-19T12:10:00Z,AVDA. POBLADOS / AVDA. ABRANTES,-,CARABANCHEL,Despejado,2
2021-02-20T18:10:00Z,CALL. EMBAJADORES / CALL. SEBASTIAN HERRERA,-,ARGANZUELA,Despejado,2
2021-02-20T13:15:00Z,CALL. SANCHIDRIAN,13A,LATINA,Despejado,7
2021-02-20T13:15:00Z,PLAZA. EMPERADOR CARLOS V,8,CENTRO,Despejado,7
2021-02-21T13:30:00Z,CALL. ARROYO FONTARRON,24,MORATALAZ,Lluvia débil,2
2021-02-22T20:40:00Z,CALL. SAN BERNARDO,55,CENTRO,Despejado,14
2021-02-22T20:40:00Z,CALL. SAN BERNARDO,55,CENTRO,Despejado,5
2021-02-22T17:00:00Z,PLAZA. EMPERADOR CARLOS V / CALL. ATOCHA,-,CENTRO,Despejado,6
2021-02-23T22:40:00Z,CALL. SERRANO,22,SALAMANCA,Despejado,1
2021-02-24T17:55:00Z,CALL. BRAVO MURILLO,175,TETUÁN,Despejado,
2021-02-24T15:05:00Z,CALL. JOSE ORTEGA Y GASSET / CALL. NUÑEZ DE BALBOA,-,SALAMANCA,Despejado,
2021-02-26T19:50:00Z,PASEO. ACACIAS / CALL. RIBERA DE CURTIDORES,-,ARGANZUELA,Despejado,7
2021-02-26T19:29:00Z,CALL. HORTALEZA,100,CENTRO,,7
2021-02-26T14:45:00Z,CALL. RIBERA DE CURTIDORES,25,CENTRO,Despejado,6
2021-02-26T14:15:00Z,AVDA. ENTREVIAS / CALL. MENDEZ ALVARO,-,PUENTE DE VALLECAS,Despejado,7
2021-02-26T06:25:00Z,CALL. GENERAL RICARDOS / CALL. FRANCISCO ROMERO,-,CARABANCHEL,Despejado,5
2021-02-27T21:20:00Z,CALL. EDUARDO BARREIROS,21,USERA,Despejado,7
2021-02-27T19:15:00Z,PASEO. EMBARCADERO,1,MONCLOA-ARAVACA,Despejado,6
2021-02-27T11:55:00Z,CALL. SEGOVIA,8,CENTRO,Despejado,1
2021-02-28T17:15:00Z,PASEO. PRADO,9,RETIRO,Despejado,7
2021-02-28T11:30:00Z,CALL. ALCALA,29,CENTRO,Despejado,7
2021-03-03T17:09:00Z,CALL. BRUJAS / CALL. ATENAS,-,MORATALAZ,Despejado,14
2021-03-03T17:09:00Z,CALL. BRUJAS / CALL. ATENAS,-,MORATALAZ,Despejado,6
2021-04-03T15:58:00Z,PLAZA. BEATA MARIA ANA DE JESUS,1,ARGANZUELA,Despejado,1
2021-04-03T15:35:00Z,CALL. FLORENCIO CANO CRISTOBAL / CALL. JOSE BERGAMIN,-,MORATALAZ,Despejado,14
2021-04-03T15:30:00Z,CALL. BRAVO MURILLO,145,TETUÁN,Despejado,2
2021-04-03T11:30:00Z,AVDA. MARTIRES MARISTAS,2E,MONCLOA-ARAVACA,Despejado,3
2021-05-03T21:51:00Z,CALL. TORPEDERO TUCUMAN,24,CHAMARTÍN,Despejado,1
2021-05-03T17:30:00Z,GTA. RUBEN DARIO / PASEO. EDUARDO DATO,-,CHAMBERÍ,Despejado,
2021-06-03T19:35:00Z,CALL. SANTA ENGRACIA,71,CHAMBERÍ,Despejado,2
2021-06-03T16:40:00Z,CALL. JUAN BRAVO / CALL. NUÑEZ DE BALBOA,-,SALAMANCA,Despejado,7
2021-06-03T13:35:00Z,AVDA. BUENOS AIRES / AVDA. MIGUEL HERNANDEZ,-,PUENTE DE VALLECAS,Despejado,6
2021-06-03T01:12:00Z,CALL. TOLEDO,50,CENTRO,Lluvia débil,1
2021-07-03T16:45:00Z,CALL. OLMO,24,CENTRO,Nublado,6
2021-07-03T14:20:00Z,CALL. GRAN VIA / CALL. SAN BERNARDO,-,CENTRO,Despejado,
2021-07-03T12:44:00Z,CMNO. ARROYO DE VALDEBEBAS / AUTOV. M-40,-,HORTALEZA,Despejado,7
2021-07-03T12:44:00Z,CMNO. ARROYO DE VALDEBEBAS / AUTOV. M-40,-,HORTALEZA,Despejado,7
2021-07-03T12:10:00Z,CALL. VALLE DE MENA,14,FUENCARRAL-EL PARDO,Despejado,7
2021-08-03T17:03:00Z,PASEO. REINA CRISTINA,15,RETIRO,Lluvia débil,2
2021-09-03T18:30:00Z,AVDA. MEDITERRANEO / CALL. POZA DE LA SAL,-,VILLA DE VALLECAS,Despejado,3
2021-10-03T18:30:00Z,CALL. PEÑARANDA DE BRACAMONTE / AVDA. CERRO MILANO,-,VILLA DE VALLECAS,Despejado,6
2021-10-03T17:22:00Z,CALL. PRADILLO,34,CHAMARTÍN,Despejado,14
2021-10-03T14:40:00Z,PASEO. LA HABANA,72,CHAMARTÍN,Despejado,7
2021-10-03T07:54:00Z,CALL. MATEO INURRIA / PASEO. LA HABANA,-,CHAMARTÍN,Despejado,7
2021-10-03T07:54:00Z,CALL. MATEO INURRIA / PASEO. LA HABANA,-,CHAMARTÍN,Despejado,14
2021-11-03T15:10:00Z,CALL. TRAFALGAR,25,CHAMBERÍ,Despejado,5
2021-12-03T21:30:00Z,CALL. SAN BERNARDO / CALL. LUNA,-,CENTRO,Despejado,14
2021-12-03T21:30:00Z,CALL. SAN BERNARDO / CALL. LUNA,-,CENTRO,Despejado,7
2021-03-13T22:18:00Z,CALL. BRAVO MURILLO / CALL. AZUCENAS,-,TETUÁN,,
2021-03-13T11:10:00Z,PQUE. JUAN CARLOS I,1,BARAJAS,Despejado,2
2021-03-13T11:10:00Z,PQUE. JUAN CARLOS I,1,BARAJAS,Despejado,2
2021-03-14T15:45:00Z,AVDA. DOCTOR GARCIA TAPIA / CALL. MARROQUINA,-,MORATALAZ,Despejado,
2021-03-14T13:00:00Z,PASEO. TORRECILLA / PASEO. AZUL,-,MONCLOA-ARAVACA,Despejado,7
2021-03-14T13:00:00Z,PASEO. TORRECILLA / PASEO. AZUL,-,MONCLOA-ARAVACA,Despejado,14
2021-03-14T12:38:00Z,PASEO. AZUL / PASEO. EMBARCADERO,-,MONCLOA-ARAVACA,Despejado,1
2021-03-14T12:38:00Z,PASEO. AZUL / PASEO. EMBARCADERO,-,MONCLOA-ARAVACA,Despejado,
2021-03-14T11:00:00Z,"CALL. ARROYOFRESNO, 1-M-30 CARRIL BICI",-,MONCLOA-ARAVACA,Despejado,7
2021-03-15T15:30:00Z,CALL. GALILEO,86,CHAMBERÍ,Despejado,7
2021-03-15T15:30:00Z,CALL. GALILEO,86,CHAMBERÍ,Despejado,14
2021-03-16T16:40:00Z,PASEO. EMBARCADERO / PASEO. AZUL,-,MONCLOA-ARAVACA,Despejado,6
2021-03-16T14:20:00Z,CALL. GRAN VIA / CALL. ISABEL LA CATOLICA,-,CENTRO,Despejado,7
2021-03-17T22:15:00Z,PASEO. ESPERANZA / CALL. CAOBA,-,ARGANZUELA,Despejado,1
2021-03-17T18:35:00Z,CTRA. SOMONTES AL PALACIO DE LA REAL QUINTA,1,FUENCARRAL-EL PARDO,Despejado,6
2021-03-17T16:05:00Z,PASEO. PRADO,11,RETIRO,Despejado,7
2021-03-18T23:10:00Z,CALL. BARCELO,3,CENTRO,Despejado,5
2021-03-18T15:00:00Z,CALL. CLAUDIO COELLO / CALL. PADILLA,-,SALAMANCA,Despejado,7
2021-03-18T14:40:00Z,CALL. EVANGELIOS,1,USERA,Despejado,6
2021-03-18T10:30:00Z,CALL. JOSE DE CADALSO / CALL. MAESTRA JUSTA FREIRE,-,LATINA,Despejado,1
2021-03-18T10:30:00Z,CALL. JOSE DE CADALSO / CALL. MAESTRA JUSTA FREIRE,-,LATINA,Despejado,14
2021-03-19T22:00:00Z,CALL. DOCTOR ESQUERDO / CALL. ASTROS,-,RETIRO,Despejado,2
2021-03-19T16:20:00Z,CALL. VIA DE DUBLIN / AUTOV. M-11,-,BARAJAS,Despejado,7
2021-03-20T13:10:00Z,AVDA. GUADALAJARA,69,SAN BLAS-CANILLEJAS,Despejado,1
2021-03-20T12:55:00Z,"ANILLO VERDE KM,58-CAMINO DE LA CAÑADA",-,FUENCARRAL-EL PARDO,Despejado,6
2021-03-20T12:55:00Z,"ANILLO VERDE KM,58-CAMINO DE LA CAÑADA",-,FUENCARRAL-EL PARDO,Despejado,7
2021-03-20T10:30:00Z,AUTOV. M-500,0,MONCLOA-ARAVACA,Despejado,2
2021-03-21T19:30:00Z,AVDA. ALBUFERA,23,PUENTE DE VALLECAS,Despejado,1
2021-03-21T18:25:00Z,CALL. CLAVEL,5,CENTRO,Despejado,7
2021-03-21T18:10:00Z,PASEO. YESERIAS / CALL. NAVES,-,ARGANZUELA,Despejado,1
2021-03-22T18:10:00Z,CALL. HUESCA / CALL. HERMANO GARATE,-,TETUÁN,Despejado,
2021-03-22T11:16:00Z,AVDA. CARONDELET,37,HORTALEZA,Despejado,7
2021-03-23T19:00:00Z,CALL. PUERTO RICO,15,CHAMARTÍN,Despejado,7
2021-03-23T19:00:00Z,CALL. PALAS DE REY,4,FUENCARRAL-EL PARDO,Despejado,2
2021-03-23T19:00:00Z,CALL. PALAS DE REY,4,FUENCARRAL-EL PARDO,Despejado,14
2021-03-23T16:50:00Z,FCO. PI Y MARGALL / AVDA. NICETO ALCALA ZAMORA,-,HORTALEZA,Despejado,7
2021-03-24T09:50:00Z,CALL. CAMPAÑA / CTRA. COLMENAR VIEJO,-,FUENCARRAL-EL PARDO,,7
2021-03-25T19:00:00Z,IDB. PARQUE LINEAL DEL MANZANARES,0,PUENTE DE VALLECAS,Despejado,1
2021-03-25T14:05:00Z,AVDA. CERRO MILANO / CALL. CAÑADA DEL SANTISIMO,-,VILLA DE VALLECAS,Despejado,7
2021-03-25T08:35:00Z,CALL. SERRANO,74,SALAMANCA,Despejado,2
2021-03-25T08:18:00Z,PASEO. CASTELLANA,156,CHAMARTÍN,Despejado,7
2021-03-26T23:00:00Z,AVENIDA DE LOS POBLADOS CON AVENIDA DEL EURO,-,LATINA,Despejado,7
2021-03-26T21:00:00Z,"C/ CAPITAN BLANCO ARGIBAY, 192 (farola 77 parque )",-,TETUÁN,Despejado,1
2021-03-27T13:25:00Z,CALL. FRANCISCO Y JACINTO ALCANTARA,1,MONCLOA-ARAVACA,Despejado,7
2021-03-27T12:40:00Z,CALL. ATOCHA,3,CENTRO,,
2021-03-27T10:40:00Z,CALL. ALFONSO XII / PASEO. INFANTA ISABEL,-,RETIRO,Despejado,
2021-03-28T16:20:00Z,PASEO. ESPERANZA,5,ARGANZUELA,Despejado,1
2021-03-28T12:47:00Z,CALL. ALBERTO DE PALACIO / AVDA. NICETO ALCALA ZAMORA,-,HORTALEZA,Despejado,
2021-03-28T10:45:00Z,RONDA. ATOCHA,27,ARGANZUELA,Despejado,7
2021-03-29T08:30:00Z,AVDA. ENTREVIAS / CALL. MEJORANA,-,PUENTE DE VALLECAS,Despejado,6
2021-03-30T22:45:00Z,CALL. ANTEQUERA,23,USERA,Despejado,1
2021-03-30T22:38:00Z,PASEO. EDUARDO DATO / CALL. ZURBANO,-,CHAMBERÍ,Despejado,6
2021-03-30T20:30:00Z,CALL. COMUNEROS DE CASTILLA,4,CARABANCHEL,,
2021-03-31T19:20:00Z,CÑADA. REAL DE MERINAS,64,VICÁLVARO,,
2021-03-31T19:05:00Z,CALL. SEVILLA / CALL. ARLABAN,-,CENTRO,Despejado,7
2021-03-31T17:45:00Z,CALL. IRUN,1,MONCLOA-ARAVACA,Despejado,1
2021-03-31T17:45:00Z,CALL. IRUN,1,MONCLOA-ARAVACA,Despejado,7
2021-03-31T17:00:00Z,CALL. SEGOVIA,49,ARGANZUELA,Despejado,1
2021-03-31T16:00:00Z,AVDA. MANZANARES,216,USERA,Despejado,2
2021-01-04T22:20:00Z,CALL. ALCALA / AUTOV. M-30,-,CIUDAD LINEAL,Despejado,
2021-03-04T19:55:00Z,PASEO. ERMITA DEL SANTO,16,LATINA,Despejado,3
2021-03-04T18:35:00Z,CALL. CASALARREINA / AVDA. DAROCA,-,VICÁLVARO,Despejado,2
2021-03-04T16:56:00Z,C/ GRAN VIA72,-,CENTRO,Despejado,6
2021-03-04T16:45:00Z,CALL. SAN ANTONIO DE PADUA / CALL. ANTONIO SALVADOR,-,USERA,Despejado,7
2021-03-04T16:20:00Z,CALL. GRAN VIA,80,CENTRO,Despejado,1
2021-03-04T16:15:00Z,"PQUE. MADRID RIO, +00650I  (TOBOGANES)",-,ARGANZUELA,Despejado,14
2021-03-04T16:15:00Z,"PQUE. MADRID RIO, +00650I  (TOBOGANES)",-,ARGANZUELA,Despejado,7
2021-03-04T12:10:00Z,GTA. SIETE HERMANAS / PASEO. CASTAÑOS,-,MONCLOA-ARAVACA,Despejado,2
2021-04-04T14:00:00Z,CALL. ARTURO SORIA / AUTOV. M-11,-,CIUDAD LINEAL,Despejado,1
2021-04-04T13:25:00Z,CALL. ATOCHA,36,CENTRO,Despejado,7
2021-05-04T15:20:00Z,AVDA. ALFONSO XIII,145,CHAMARTÍN,Despejado,7
2021-06-04T17:11:00Z,AVDA. BURGOS,109,FUENCARRAL-EL PARDO,Despejado,2
2021-06-04T16:35:00Z,AVDA. PLANETARIO,15,ARGANZUELA,Despejado,5
2021-06-04T15:20:00Z,CALL. PUERTO DE REINOSA,15,VILLA DE VALLECAS,Despejado,7
2021-06-04T14:50:00Z,CALL. ARGANDA / PASEO. YESERIAS,-,ARGANZUELA,Despejado,1
2021-06-04T14:25:00Z,AVDA. LAS FUERZAS ARMADAS / AVDA. LAS FUERZAS ARMADAS,-,BARAJAS,Despejado,7
2021-07-04T22:10:00Z,CALL. REQUENA,5,CENTRO,Despejado,
2021-08-04T20:15:00Z,CALL. FERNAN NUÑEZ,19,CHAMARTÍN,Despejado,7
2021-08-04T20:00:00Z,AVDA. NICETO ALCALA ZAMORA / AVDA. FRANCISCO PI Y MARGALL,-,HORTALEZA,Despejado,6
2021-08-04T17:00:00Z,CALL. SANTA ENGRACIA / GTA. PINTOR SOROLLA,-,CHAMBERÍ,Despejado,6
2021-08-04T17:00:00Z,CALL. SANTA ENGRACIA / GTA. PINTOR SOROLLA,-,CHAMBERÍ,Despejado,14
2021-08-04T16:15:00Z,AVDA. CARDENAL HERRERA ORIA,76B,FUENCARRAL-EL PARDO,Despejado,2
2021-08-04T08:50:00Z,CALL. SAN BERNARDO,46,CENTRO,Nublado,2
2021-09-04T06:45:00Z,AVDA. RAMON Y CAJAL / PLAZA. VIRGEN GUADALUPANA,-,CHAMARTÍN,Nublado,3
2021-10-04T22:15:00Z,CTRA. GARABITAS,0,MONCLOA-ARAVACA,LLuvia intensa,
2021-10-04T12:30:00Z,AVDA. MIGUEL DELIBES / CALL. ALTO DEL ESPARRAGAL,-,VICÁLVARO,Nublado,1
2021-11-04T22:35:00Z,CALL. VALVERDE / CALL. PUEBLA,-,CENTRO,Nublado,6
2021-11-04T17:00:00Z,CALL. PRINCIPE DE VERGARA,262,CHAMARTÍN,Despejado,14
2021-12-04T18:35:00Z,CALL. JACINTO VERDAGUER / CALL. ANTONIO DE LEYVA,-,CARABANCHEL,Despejado,2
2021-12-04T10:40:00Z,AVDA. LOS ROSALES,408,VILLAVERDE,Despejado,2
2021-12-04T10:40:00Z,AVDA. LOS ROSALES,408,VILLAVERDE,Despejado,14
2021-12-04T10:25:00Z,CALL. PADRE LLANOS / AVDA. ENTREVIAS,-,PUENTE DE VALLECAS,Despejado,7
2021-12-04T07:37:00Z,AVDA. CIUDAD DE BARCELONA / CALL. CATALINA SUAREZ,-,RETIRO,Despejado,14
2021-12-04T07:37:00Z,AVDA. CIUDAD DE BARCELONA / CALL. CATALINA SUAREZ,-,RETIRO,Despejado,1
2021-04-13T20:20:00Z,CALL. GUZMAN EL BUENO / CALL. FERNANDEZ DE LOS RIOS,-,CHAMBERÍ,Despejado,1
2021-04-13T10:25:00Z,CALL. GRAN VIA,56,CENTRO,Lluvia débil,
2021-04-14T19:40:00Z,CALL. MARQUES DE URQUIJO,30,MONCLOA-ARAVACA,Despejado,7
2021-04-14T16:45:00Z,CALL. CONVENIO,41,PUENTE DE VALLECAS,Despejado,7
2021-04-15T20:30:00Z,PLAZA. DUQUE DE PASTRANA / CALL. SANTA MAGDALENA SOFIA,-,CHAMARTÍN,Lluvia débil,1
2021-04-15T12:30:00Z,CALL. FINISTERRE,29,FUENCARRAL-EL PARDO,,1
2021-04-16T14:45:00Z,CALL. ALBERTO AGUILERA,18,CHAMBERÍ,Despejado,7
2021-04-21T18:40:00Z,AVDA. CIUDAD DE BARCELONA,202,RETIRO,Nublado,14
2021-04-21T18:40:00Z,AVDA. CIUDAD DE BARCELONA,202,RETIRO,Nublado,7
2021-04-21T12:00:00Z,MADRID RIO - PUENTE DEL REY,-,MONCLOA-ARAVACA,Despejado,1
2021-04-22T19:50:00Z,PASEO. ERMITA DEL SANTO,40,LATINA,Lluvia débil,7
2021-04-22T17:12:00Z,"PQUE. MADRID RIO, +00500E",-,CARABANCHEL,Lluvia débil,
2021-04-22T17:12:00Z,"PQUE. MADRID RIO, +00500E",-,CARABANCHEL,Lluvia débil,
2021-04-23T17:20:00Z,CALL. FRANCISCO LARGO CABALLERO / AVDA. INSTITUCION LIBRE DE ENSEÑANZA,-,CIUDAD LINEAL,Despejado,3
2021-04-23T13:30:00Z,CALL. GAZTAMBIDE,23,CHAMBERÍ,Despejado,2
2021-04-24T23:30:00Z,CALL. SERRANO,44,SALAMANCA,Lluvia débil,7
2021-04-24T22:47:00Z,PASEO. ACACIAS / CALL. NOGALES,-,ARGANZUELA,LLuvia intensa,7
2021-04-24T22:30:00Z,PASEO. REY,22,MONCLOA-ARAVACA,LLuvia intensa,
2021-04-24T22:30:00Z,PASEO. REY,22,MONCLOA-ARAVACA,LLuvia intensa,14
2021-04-24T22:00:00Z,PASEO. MARCELINO CAMACHO / CALL. GENERAL RICARDOS,-,CARABANCHEL,,
2021-04-24T22:00:00Z,PASEO. MARCELINO CAMACHO / CALL. GENERAL RICARDOS,-,CARABANCHEL,,
2021-04-24T17:40:00Z,CALL. JOSE PAULETE,5,PUENTE DE VALLECAS,Despejado,2
2021-04-24T11:15:00Z,METRO. RONDA DE LA COMUNICACION,0,FUENCARRAL-EL PARDO,Despejado,6
2021-04-24T11:15:00Z,METRO. RONDA DE LA COMUNICACION,0,FUENCARRAL-EL PARDO,Despejado,14
2021-04-25T12:35:00Z,CALL. TINTOREROS -C/ CUCHILLEROS Y PUERTA CERRADA,-,CENTRO,Lluvia débil,1
2021-04-26T18:30:00Z,CALL. PLAYA DE LA CALETA / CALL. VALHONDO,-,BARAJAS,Despejado,7
2021-04-26T12:45:00Z,PASEO. PRADO,48,CENTRO,Despejado,6
2021-04-27T23:00:00Z,CALL. BRAVO MURILLO,137,TETUÁN,LLuvia intensa,7
2021-04-27T19:15:00Z,CALL. RAIMUNDO FERNANDEZ VILLAVERDE / PASEO. CASTELLANA,-,CHAMBERÍ,,14
2021-04-27T15:30:00Z,AVDA. POBLADOS / CALL. DOBLA,-,CARABANCHEL,Despejado,2
2021-04-27T15:05:00Z,CALL. CERILLERAS / AVDA. POBLADOS,-,CARABANCHEL,Despejado,7
2021-04-28T20:15:00Z,CMNO. VIEJO DE VICALVARO / AVDA. DAROCA,-,VICÁLVARO,Nublado,2
2021-04-28T19:10:00Z,CALL. CARLOS MARTIN ALVAREZ,2,PUENTE DE VALLECAS,Despejado,7
2021-04-29T17:20:00Z,CALL. CHIQUINQUIRA,60,HORTALEZA,Despejado,1
2021-04-29T11:00:00Z,CALL. ARTURO SORIA / CUSTA. SAGRADO CORAZON,-,CIUDAD LINEAL,Nublado,14
2021-04-29T11:00:00Z,CALL. ARTURO SORIA / CUSTA. SAGRADO CORAZON,-,CIUDAD LINEAL,Nublado,3
2021-04-29T08:20:00Z,AVDA. PORTUGAL,3,LATINA,Lluvia débil,7
2021-04-30T23:30:00Z,PLAZA. COLON / PASEO. RECOLETOS,-,CENTRO,Despejado,
2021-04-30T18:35:00Z,CALL. CONDESA DE VENADITO / CALL. MARTINEZ VILLERGAS,-,CIUDAD LINEAL,Despejado,3
2021-01-05T18:50:00Z,AVDA. VALDEMARIN / CMNO. LAVADERO,-,MONCLOA-ARAVACA,Despejado,6
2021-02-05T22:10:00Z,CALL. DOCTOR ESQUERDO,47,SALAMANCA,Despejado,1
2021-02-05T11:00:00Z,CALL. AFUERAS A VALVERDE / CALL. ISLA DE RODAS,-,FUENCARRAL-EL PARDO,Despejado,7
2021-02-05T10:40:00Z,"PQUE. MADRID RIO, SENDA CICLABLE  PK 6.400",-,ARGANZUELA,Despejado,2
2021-02-05T10:40:00Z,"PQUE. MADRID RIO, SENDA CICLABLE  PK 6.400",-,ARGANZUELA,Despejado,14
2021-03-05T17:30:00Z,PISTA. CRISTO DE EL PARDO,17,FUENCARRAL-EL PARDO,Despejado,2
2021-04-05T23:29:00Z,CALL. JOSE ANTONIO NOVAIS / CALL. RAMIRO DE MAEZTU,-,MONCLOA-ARAVACA,Despejado,3
2021-04-05T23:29:00Z,CALL. JOSE ANTONIO NOVAIS / CALL. RAMIRO DE MAEZTU,-,MONCLOA-ARAVACA,Despejado,14
2021-04-05T13:20:00Z,CALL. LOS YEBENES,6,LATINA,Despejado,7
2021-05-05T19:00:00Z,CALL. JEMENUÑO / PASEO. MELANCOLICOS,-,ARGANZUELA,Despejado,3
2021-05-05T18:40:00Z,CUSTA. SAN VICENTE,8,MONCLOA-ARAVACA,Despejado,
2021-05-05T16:40:00Z,CALL. VICENTE BLASCO IBAÑEZ / CALL. ENRIQUE AZCOAGA,-,HORTALEZA,Despejado,3
2021-05-05T13:15:00Z,CALL. MANUEL AGUILAR MUÑOZ / PASEO. ALAMEDA DE OSUNA,-,BARAJAS,Despejado,7
2021-05-05T12:20:00Z,CALL. ALHAMBRA / CALL. CUART DE POBLET,-,LATINA,Despejado,3
2021-07-05T19:00:00Z,CALL. SEGOVIA / CALL. BEATRIZ GALINDO,-,CENTRO,Despejado,1
2021-07-05T15:55:00Z,PLAZA. SAN JUAN DE LA CRUZ / CALL. ZURBANO,-,CHAMBERÍ,Despejado,3
2021-07-05T14:10:00Z,CTRA. PARQUE DE ATRACCIONES,1,MONCLOA-ARAVACA,Despejado,3
2021-07-05T12:50:00Z,CMNO. PRINCIPE,2,MONCLOA-ARAVACA,Despejado,2
2021-08-05T21:50:00Z,CALL. SANTANDER / CALL. MELQUIADES ALVAREZ,-,CHAMBERÍ,Despejado,2
2021-08-05T21:50:00Z,CALL. MARCELO USERA,131,USERA,Despejado,7
2021-08-05T12:05:00Z,AVDA. LOS ROSALES / AUTOV. M-40,-,USERA,Despejado,2
2021-09-05T22:52:00Z,CALL. SANTA ENGRACIA,80,CHAMBERÍ,Despejado,7
2021-09-05T20:15:00Z,CALL. ALCALA,211,SALAMANCA,Despejado,7
2021-09-05T15:55:00Z,AVDA. CAMILO JOSE CELA,29,SALAMANCA,Lluvia débil,7
2021-09-05T13:05:00Z,CALL. MAYORAZGO DE DUARTE,40,VICÁLVARO,Despejado,2
2021-09-05T11:00:00Z,AVDA. MIGUEL HERNANDEZ / CALL. TORREMOLINOS,-,PUENTE DE VALLECAS,Nublado,2
2021-09-05T03:45:00Z,CALL. PRINCESA,43,MONCLOA-ARAVACA,Despejado,1
2021-10-05T18:10:00Z,PLAZA. MANUEL BECERRA,6,SALAMANCA,Despejado,2
2021-11-05T21:10:00Z,CALL. GOLONDRINA,52,MONCLOA-ARAVACA,Despejado,6
2021-11-05T14:30:00Z,GTA. QUEVEDO / CALL. ARAPILES,-,CHAMBERÍ,Despejado,2
2021-12-05T13:50:00Z,CALL. ALMAGRO,21,CHAMBERÍ,Despejado,1
2021-05-14T20:20:00Z,PASEO. PONTONES / PASEO. MELANCOLICOS,-,ARGANZUELA,,14
2021-05-14T15:10:00Z,CALL. MORALZARZAL / CALL. LA MASO,-,FUENCARRAL-EL PARDO,Despejado,3
2021-05-14T10:21:00Z,"AVDA. MANUEL FRAGA IRIBARNE / GTA. ANTONIO CHENEL ""ANTOÑETE""",-,BARAJAS,Despejado,2
2021-05-15T23:35:00Z,CALL. SAN BERNARDO / CALL. PALMA,-,CENTRO,Despejado,
2021-05-15T20:45:00Z,CALL. SAN HILARIO,5,SAN BLAS-CANILLEJAS,Despejado,7
2021-05-15T11:15:00Z,IDB. PARQUE LINEAL DEL MANZANARES,0,PUENTE DE VALLECAS,Despejado,7
2021-05-15T11:15:00Z,IDB. PARQUE LINEAL DEL MANZANARES,0,PUENTE DE VALLECAS,Despejado,7
2021-05-15T10:35:00Z,CALL. CEA BERMUDEZ,52,CHAMBERÍ,Despejado,7
2021-05-15T09:25:00Z,CALL. ANTONIO LOPEZ,195E,USERA,,
2021-05-16T22:28:00Z,CALL. SEPULVEDA,1,LATINA,Despejado,7
2021-05-16T18:45:00Z,CALL. VELAZQUEZ / CALL. GOYA,-,SALAMANCA,Despejado,14
2021-05-16T15:40:00Z,AVDA. LAS FUERZAS ARMADAS / CALL. EDUARDO HARO,-,HORTALEZA,Despejado,6
2021-05-16T08:50:00Z,AVDA. DOCTOR GARCIA TAPIA / AUTOV. M-40,-,MORATALAZ,Despejado,7
2021-05-17T19:33:00Z,PLAZA. MANUEL BECERRA / CALL. ALCALA,-,SALAMANCA,Despejado,5
2021-05-18T20:25:00Z,CALL. BRAVO MURILLO / CALL. LOPE DE HARO,-,TETUÁN,Despejado,3
2021-05-18T16:40:00Z,CALL. CERRO DE LA PLATA,6,RETIRO,Despejado,
2021-05-19T23:40:00Z,AVDA. POBLADOS,70,LATINA,Despejado,7
2021-05-19T19:50:00Z,CTRA. ALCOBENDAS A BARAJAS,30,BARAJAS,Despejado,1
2021-05-19T14:55:00Z,PASEO. RECOLETOS,22,SALAMANCA,Despejado,7
2021-05-20T20:15:00Z,"CMNO. VIEJO DE VICALVARO, FRENTE AL Nº 9",-,VICÁLVARO,Despejado,7
2021-05-20T13:27:00Z,"CTRA. CASTILLA, +00300S",-,MONCLOA-ARAVACA,Despejado,7
2021-05-20T10:45:00Z,GTA. OLGA RAMOS (FAROLA 84),-,FUENCARRAL-EL PARDO,,1
2021-05-21T20:15:00Z,CTRA. RODAJOS,2,MONCLOA-ARAVACA,Despejado,2
2021-05-21T19:05:00Z,CTRA. ESTACION DE HORTALEZA,56,HORTALEZA,Despejado,14
2021-05-21T19:05:00Z,CTRA. ESTACION DE HORTALEZA,56,HORTALEZA,Despejado,3
2021-05-22T21:40:00Z,CALL. TOLEDO,52,CENTRO,Despejado,
2021-05-22T08:40:00Z,CALL. ALCALA,253,CIUDAD LINEAL,Despejado,6
2021-05-23T16:45:00Z,CALL. PUERTO ALTO / CALL. MONTE PERDIDO,-,PUENTE DE VALLECAS,Nublado,
2021-05-23T14:55:00Z,CALL. MINERVA / CALL. TITANIO,-,VICÁLVARO,Nublado,
2021-05-24T13:20:00Z,AVDA. ENTREVIAS / AVDA. BUENOS AIRES,-,PUENTE DE VALLECAS,Despejado,5
2021-05-25T20:00:00Z,CALL. MATEO INURRIA,5,CHAMARTÍN,Despejado,7
2021-05-25T19:40:00Z,CALL. VIRGEN DE LOS ROSALES / CALL. VELETA,-,MONCLOA-ARAVACA,Despejado,6
2021-05-25T17:15:00Z,AVDA. ARCENTALES,7,SAN BLAS-CANILLEJAS,Despejado,
2021-05-25T14:50:00Z,PASEO. CHOPERA,10,ARGANZUELA,Despejado,7
2021-05-25T04:45:00Z,CALL. MESON DE PAREDES / CALL. MIGUEL SERVET,-,CENTRO,Despejado,7
2021-05-26T22:20:00Z,PASEO. MELANCOLICOS,4,ARGANZUELA,Despejado,3
2021-05-26T20:00:00Z,AVDA. ANDES,52,HORTALEZA,Despejado,6
2021-05-26T19:42:00Z,CALL. ALFONSO XII,3,RETIRO,Despejado,1
2021-05-26T19:42:00Z,CALL. ALFONSO XII,3,RETIRO,Despejado,14
2021-05-26T17:40:00Z,AVDA. MONASTERIO DE SILOS,7B,FUENCARRAL-EL PARDO,Despejado,3
2021-05-26T17:40:00Z,AVDA. MONASTERIO DE SILOS,7B,FUENCARRAL-EL PARDO,Despejado,
2021-05-27T23:45:00Z,CALL. SANTA ENGRACIA,140,CHAMBERÍ,Despejado,1
2021-05-27T19:30:00Z,CALL. ANTONIO MACHADO / CALL. VALDERREY,-,MONCLOA-ARAVACA,Despejado,6
2021-05-27T14:05:00Z,CMNO. POZO DEL TIO RAIMUNDO,37,VILLA DE VALLECAS,Despejado,1
2021-05-27T00:00:00Z,CALL. GENOVA,24,CENTRO,Despejado,7
2021-05-28T07:40:00Z,CALL. EMBAJADORES,300,ARGANZUELA,Despejado,7
2021-05-28T03:40:00Z,PASEO. CASTELLANA,180,CHAMARTÍN,Despejado,1
2021-05-29T12:30:00Z,CALL. SEGOVIA,21,CENTRO,Despejado,6
2021-05-29T11:15:00Z,"PASEO PIÑONEROS KM 46,708 VIA VERDE CASA DE CAMPO",-,MONCLOA-ARAVACA,Despejado,2
2021-05-29T11:15:00Z,"PASEO PIÑONEROS KM 46,708 VIA VERDE CASA DE CAMPO",-,MONCLOA-ARAVACA,Despejado,7
2021-05-29T10:00:00Z,AVDA. CARDENAL HERRERA ORIA / AVDA. LLANO CASTELLANO,-,FUENCARRAL-EL PARDO,Despejado,6
2021-05-29T10:00:00Z,AVDA. CARDENAL HERRERA ORIA / AVDA. LLANO CASTELLANO,-,FUENCARRAL-EL PARDO,Despejado,7
2021-05-30T15:10:00Z,CALL. PEDRO RICO / CALL. ARTURO DUPERIER,-,FUENCARRAL-EL PARDO,Despejado,2
2021-05-30T11:45:00Z,CALL. EMBAJADORES / ACCESO CAJA MAGICA,-,ARGANZUELA,Despejado,2
2021-05-31T22:15:00Z,PASEO. RECOLETOS / CALL. ARMADA ESPAÑOLA,-,SALAMANCA,Lluvia débil,5
2021-05-31T20:35:00Z,CALL. VIA CARPETANA,57,CARABANCHEL,,
2021-05-31T14:20:00Z,PLAZA. EMPERADOR CARLOS V,1,CENTRO,Despejado,
2021-01-06T21:35:00Z,AVDA. BRASILIA / AVDA. BADAJOZ,-,SALAMANCA,Despejado,7
2021-01-06T19:30:00Z,CUSTA. SAN VICENTE / CALL. BAILEN,-,MONCLOA-ARAVACA,Despejado,6
2021-01-06T15:34:00Z,RONDA. VALENCIA / CALL. ALONSO DEL BARCO,-,ARGANZUELA,Despejado,1
2021-01-06T11:05:00Z,GTA. EMBAJADORES / RONDA. VALENCIA,-,CENTRO,Despejado,
2021-01-06T11:05:00Z,GTA. EMBAJADORES / RONDA. VALENCIA,-,CENTRO,Despejado,5
2021-02-06T16:40:00Z,CALL. ALCALDE SAINZ DE BARANDA / AUTOV. M-23,-,RETIRO,Despejado,14
2021-02-06T14:55:00Z,PASEO. CASTELLANA,216,CHAMARTÍN,Despejado,7
2021-02-06T13:10:00Z,CALL. ALEJANDRO SANCHEZ,72,CARABANCHEL,Despejado,7
2021-02-06T12:30:00Z,AVDA. MENENDEZ PELAYO / CALL. DOCTOR CASTELO,-,RETIRO,Despejado,
2021-02-06T11:30:00Z,CALL. VIRGEN DE LOS PELIGROS,12,CENTRO,Despejado,7
2021-03-06T19:45:00Z,GTA. MARQUES DE VADILLO,1,CARABANCHEL,Despejado,7
2021-03-06T13:40:00Z,PLAZA. INDEPENDENCIA / CALL. ALFONSO XII,-,SALAMANCA,Despejado,7
2021-04-06T23:50:00Z,CALL. INFANTA MERCEDES,27,TETUÁN,Despejado,7
2021-04-06T19:05:00Z,CALL. FUENCARRAL / CALL. JERONIMO DE LA QUINTANA,-,CHAMBERÍ,Despejado,3
2021-05-06T23:00:00Z,CALL. ALCALA / AUTOV. M-30,-,SALAMANCA,Despejado,3
2021-05-06T05:30:00Z,PLAZA. LEGAZPI CON PASEO DE LA CHOPERA,-,ARGANZUELA,Despejado,6
2021-06-06T13:35:00Z,AVDA. MONASTERIO DE SILOS,96,FUENCARRAL-EL PARDO,Despejado,7
2021-06-06T13:35:00Z,AVDA. MONASTERIO DE SILOS,96,FUENCARRAL-EL PARDO,Despejado,6
2021-06-06T11:35:00Z,CALL. ISABEL COLBRAND / CALL. MARIA TUBAU,-,FUENCARRAL-EL PARDO,Despejado,5
2021-06-06T11:30:00Z,AVDA. LAS FUERZAS ARMADAS,136,HORTALEZA,Despejado,1
2021-06-06T11:15:00Z,AVDA. MENENDEZ PELAYO,38,RETIRO,Despejado,2
2021-07-06T19:45:00Z,PLAZA. ALSACIA / AVDA. INSTITUCION LIBRE DE ENSEÑANZA,-,SAN BLAS-CANILLEJAS,Despejado,
2021-07-06T15:00:00Z,PLAZA. CORTES,2,CENTRO,Despejado,7
2021-07-06T06:47:00Z,AVDA. PORTUGAL / AVDA. PRINCIPAL,-,LATINA,Despejado,1
2021-08-06T08:50:00Z,PLAZA CIBELES - CALLE ALCALA,-,RETIRO,Despejado,3
2021-09-06T19:15:00Z,CALL. PINOS ALTA,5,TETUÁN,Despejado,14
2021-09-06T19:15:00Z,CALL. PINOS ALTA,5,TETUÁN,Despejado,2
2021-09-06T07:00:00Z,PASEO. PRADO,1,RETIRO,Despejado,1
2021-10-06T22:30:00Z,CALL. CARTAGENA,158,CHAMARTÍN,Despejado,1
2021-10-06T16:30:00Z,CALL. ALCALA / ARCON,-,CIUDAD LINEAL,Despejado,6
2021-10-06T16:05:00Z,CALL. PLANETA TIERRA / CALL. EROS,-,ARGANZUELA,Despejado,1
2021-10-06T14:20:00Z,PASEO. SANTA MARIA DE LA CABEZA,18,ARGANZUELA,Despejado,1
2021-10-06T12:39:00Z,CALL. SAN DALMACIO,19,VILLAVERDE,Despejado,
2021-11-06T19:25:00Z,CALL. MONASTERIO DE LAS HUELGAS,5,FUENCARRAL-EL PARDO,Despejado,7
2021-12-06T21:30:00Z,CALL. GENOVA,24,CENTRO,Despejado,2
2021-12-06T10:15:00Z,CALL. ALEGRIA DE ORIA / CALL. TESEO,-,SAN BLAS-CANILLEJAS,Despejado,7
2021-12-06T09:45:00Z,CALL. SAMARIA / CALL. DOCTOR ESQUERDO,-,RETIRO,Despejado,1
2021-06-13T21:20:00Z,CALL. GENOVA,16,CENTRO,Nublado,2
2021-06-13T11:50:00Z,REAL DE ARGANDA,74,VILLA DE VALLECAS,Despejado,
2021-06-13T05:05:00Z,CALL. PRINCESA,31,MONCLOA-ARAVACA,Despejado,2
2021-06-14T21:41:00Z,CALL. MONASTERIO DE EL PAULAR / AVDA. MONASTERIO DE SILOS,-,FUENCARRAL-EL PARDO,Despejado,7
2021-06-15T23:02:00Z,AVDA. MARQUES DE CORBERA,22,CIUDAD LINEAL,Despejado,1
2021-06-15T15:00:00Z,PASEO. ERMITA DEL SANTO,16,LATINA,Despejado,14
2021-06-15T15:00:00Z,PASEO. ERMITA DEL SANTO,16,LATINA,Despejado,7
2021-06-15T11:30:00Z,PASEO. CAMOENS Y VALERO / PASEO. RUPERTO CHAPI,-,MONCLOA-ARAVACA,Despejado,1
2021-06-15T10:20:00Z,AVDA. FRANCISCO PI Y MARGALL / CALL. MARIA DE PORTUGAL,-,HORTALEZA,Despejado,
2021-06-15T08:55:00Z,CALL. LOMBIA / CALL. JORGE JUAN,-,SALAMANCA,,14
2021-06-16T20:00:00Z,CALL. RICARDO BELTRAN Y ROZPIDE / CALL. ALBARDIN,-,USERA,Despejado,7
2021-06-16T19:10:00Z,CALL. VIA CARPETANA / PASEO. ERMITA DEL SANTO,-,CARABANCHEL,Lluvia débil,14
2021-06-17T18:35:00Z,CALL. VILLANUEVA / CALL. SERRANO,-,SALAMANCA,Despejado,7
2021-06-17T08:25:00Z,CALL. VELAZQUEZ,6,SALAMANCA,Lluvia débil,2
2021-06-19T21:35:00Z,GTA. EDIMBURGO,1,BARAJAS,Despejado,14
2021-06-19T21:05:00Z,CALL. BLAS CABRERA,125,LATINA,,14
2021-06-19T21:00:00Z,CALL. VALLE DE ARAN,5,MONCLOA-ARAVACA,Lluvia débil,
2021-06-19T20:55:00Z,BIBLM. EUGENIO TRIAS CASA DE FIERAS DEL RETIRO,0,RETIRO,Despejado,5
2021-06-19T01:40:00Z,CALL. JUAN BRAVO / CALL. ALCANTARA,-,SALAMANCA,Despejado,6
2021-06-20T18:55:00Z,CALL. LUIS DE HOYOS SAINZ / CALL. VALDEBERNARDO,-,MORATALAZ,Despejado,3
2021-06-20T18:10:00Z,CALL. TOLEDO,74,CENTRO,Despejado,1
2021-06-21T20:39:00Z,AVDA. DOCTOR GARCIA TAPIA,232,MORATALAZ,Despejado,7
2021-06-21T10:10:00Z,CALL. ARTURO SORIA / CALL. LOPEZ DE HOYOS,-,CIUDAD LINEAL,Despejado,7
2021-06-21T07:50:00Z,CALL. BIGASTRO / CALL. NAVACEPEDILLA,-,LATINA,Despejado,7
2021-06-23T18:20:00Z,CALL. TOLEDO,107,CENTRO,Despejado,1
2021-06-24T22:15:00Z,AVDA. PLANETARIO,18,ARGANZUELA,Despejado,1
2021-06-24T21:50:00Z,PASEO. OLMOS,14,ARGANZUELA,Despejado,7
2021-06-24T17:45:00Z,CALL. GENERAL ALVAREZ DE CASTRO,24,CHAMBERÍ,Despejado,14
2021-06-24T17:45:00Z,CALL. GENERAL ALVAREZ DE CASTRO,24,CHAMBERÍ,Despejado,1
2021-06-24T17:05:00Z,CALL. O'DONNELL,44,RETIRO,Despejado,6
2021-06-24T16:30:00Z,PASEO. SANTA MARIA DE LA CABEZA,13,ARGANZUELA,Despejado,7
2021-06-24T15:00:00Z,CSTAN. ANGELES,12,CENTRO,Despejado,1
2021-06-25T23:25:00Z,CALL. PRINCIPE DE VERGARA / CALL. MALDONADO,-,SALAMANCA,Despejado,7
2021-06-25T20:04:00Z,CMNO. PERALES,98,USERA,Despejado,7
2021-06-25T01:10:00Z,CALL. BALTASAR SANTOS,2,PUENTE DE VALLECAS,Despejado,7
2021-06-26T21:00:00Z,AVDA. INSTITUCION LIBRE DE ENSEÑANZA / CALL. CASTILLO DE UCLES,-,SAN BLAS-CANILLEJAS,Despejado,
2021-06-26T18:00:00Z,CALL. CRUZ / CALL. BARCELONA,-,CENTRO,Despejado,
2021-06-26T13:52:00Z,CALL. HORTALEZA,73,CENTRO,Despejado,
2021-06-26T11:12:00Z,CALL. FERMIN CABALLERO,89,FUENCARRAL-EL PARDO,Despejado,7
2021-06-26T01:40:00Z,CALL. ALCALA,48,CENTRO,Despejado,1
2021-06-27T23:35:00Z,CALL. PRINCIPE DE VERGARA,209A,CHAMARTÍN,Despejado,2
2021-06-27T13:05:00Z,CALL. LA ALBERCA,7,FUENCARRAL-EL PARDO,Despejado,6
2021-06-27T10:30:00Z,CALL. LA TABERNERA DEL PUERTO,2,VILLAVERDE,Despejado,6
2021-06-27T10:30:00Z,CALL. ENCOMIENDA DE PALACIOS,1,MORATALAZ,Despejado,7
2021-06-27T00:00:00Z,CALL. JORGE JUAN,38,SALAMANCA,Despejado,6
2021-06-28T17:55:00Z,PASEO. EMBARCADERO,6,MONCLOA-ARAVACA,Despejado,6
2021-06-29T19:00:00Z,CALL. SAN EPIFANIO,5,ARGANZUELA,,14
2021-06-30T18:50:00Z,CALL. PLATANO,32,TETUÁN,Despejado,7
2021-06-30T16:45:00Z,PASEO. RECOLETOS / CALL. ARMADA ESPAÑOLA,-,SALAMANCA,Despejado,14
